id,tcg_player_id,name,set_name
10571,175270,Charizard,Dragon Majesty
10910,186007,Charizard,Detective Pikachu
11000,223073,Charizard VMAX (Secret),Champion's Path
11001,223078,Charizard V (Secret),Champion's Path
11070,84195,Charizard (Delta Species),Crystal Guardians
11235,91144,Charizard EX (11),XY - Flashfire
11247,91206,M Charizard EX (X),XY - Flashfire
11251,91245,M Charizard EX (Y) (Secret),XY - Flashfire
11277,91146,M Charizard EX (Y),XY - Flashfire
11279,91145,Charizard EX (12),XY - Flashfire
11299,91238,Charizard EX (100 Full Art),XY - Flashfire
11328,91246,M Charizard EX (X) (Secret),XY - Flashfire
11395,527938,Charizard,Trading Card Game Classic
11671,274439,Charizard,Pokemon GO
11698,274467,Radiant Charizard,Pokemon GO
12285,42479,Charizard,Base Set 2
12348,84188,Charizard,Power Keepers
12472,84190,Charizard,Stormfront
12927,42382,Charizard,Base Set
12972,657516,Charizard (Black Dot Error),Base Set
13242,478098,Radiant Charizard,SWSH: Crown Zenith
13292,478090,Charizard V,SWSH: Crown Zenith
13300,478094,Charizard VSTAR,SWSH: Crown Zenith
13502,232496,Charizard VMAX,Shining Fates: Shiny Vault
14932,84196,Charizard,Legendary Collection
15137,84189,Charizard,Secret Wonders
15487,197780,Charizard GX,Hidden Fates: Shiny Vault
15735,84191,Charizard,Arceus
16136,534416,Charizard ex - 054/091,SV: Paldean Fates
16247,535090,Charizard ex - 234/091,SV: Paldean Fates
16591,84202,Charizard G LV.X - DP45,Diamond and Pearl Promos
16804,83861,Blaine's Charizard,Gym Challenge
16874,113669,Charizard EX,Generations
16876,113670,M Charizard EX,Generations
16877,680640,Mega Charizard Y ex - 030,ME: Mega Evolution Promo
16905,680639,Mega Charizard X ex - 029,ME: Mega Evolution Promo
16907,659612,Mega Charizard X ex - 023,ME: Mega Evolution Promo
16909,250320,Charizard,Celebrations: Classic Collection
17474,586831,Charizard ex - 161,SV: Scarlet & Violet Promo Cards
17498,641610,Charizard ex -196,SV: Scarlet & Violet Promo Cards
17516,521697,Charizard ex - 056,SV: Scarlet & Violet Promo Cards
17556,538687,Charizard ex - 074,SV: Scarlet & Violet Promo Cards
18155,113746,Charizard,Generations: Radiant Collection
18176,614370,Charizard,McDonald's Promos 2024
18707,197651,Charizard GX,Hidden Fates
18803,84200,Charizard G,Supreme Victors
18830,84201,Charizard G Lv.X,Supreme Victors
19092,106999,Charizard,Base Set (Shadowless)
20648,148151,Charizard GX - SM60,SM Promos
20656,185253,Charizard GX - SM195,SM Promos
20658,197874,Charizard GX - SM211,SM Promos
20680,253394,Reshiram & Charizard GX - SM247,SM Promos
20709,205163,Charizard & Braixen GX - SM230,SM Promos
20741,196347,Reshiram & Charizard GX - SM201,SM Promos
20765,205171,Charizard - SM226,SM Promos
20787,183966,Charizard - SM158,SM Promos
20930,183967,Charizard - SM158 [Staff],SM Promos
21193,219232,Charizard V,SWSH03: Darkness Ablaze
21207,219233,Charizard VMAX,SWSH03: Darkness Ablaze
21519,183785,Charizard,SM - Team Up
21639,284251,Charizard,SWSH11: Lost Origin Trainer Gallery
21793,84187,Charizard,Dragon
22288,641615,Charizard ex -196,Jumbo Cards
22322,253395,Reshiram & Charizard GX - SM247,Jumbo Cards
22323,652029,Charizard ex - 054/091,Jumbo Cards
22353,251104,Lance's Charizard V - SWSH133,Jumbo Cards
22391,196348,Reshiram & Charizard GX - SM201,Jumbo Cards
22411,91614,Charizard EX - XY17 (XY Black Star Promos),Jumbo Cards
22470,152944,Charizard EX - 11/106,Jumbo Cards
22478,148152,Charizard GX - SM60 (SM Black Star Promos),Jumbo Cards
22505,211422,Charizard EX - XY121 (XY Black Star Promos),Jumbo Cards
22516,210841,Charizard - S1/S4 (Box Topper),Jumbo Cards
22525,185252,Charizard GX - SM195 (SM Black Star Promo),Jumbo Cards
22533,581987,Charizard ex - 125/197,Jumbo Cards
22559,205164,Charizard & Braixen GX - SM230 (SM Black Star Promo),Jumbo Cards
22560,205166,Charizard GX - SM211 (SM Black Star Promo),Jumbo Cards
22573,210851,Charizard - 9/12 (Box Topper),Jumbo Cards
22578,484447,Charizard VSTAR,Jumbo Cards
22592,211421,M Charizard EX - 69/106 (Form X),Jumbo Cards
22602,211420,M Charizard EX - 13/106 (Form Y),Jumbo Cards
22606,179079,Charizard - 4/102 (CoroCoro Promo),Jumbo Cards
23164,219059,Charizard GX - 9/68 (#60 Charizard Stamped),Battle Academy
23170,219066,Flareon - SM186 (#27 Charizard Stamped),Battle Academy
23172,219083,Kangaskhan - 55/70 (#53 Charizard Stamped),Battle Academy
23179,219067,Flareon - SM186 (#44 Charizard Stamped),Battle Academy
23184,219048,Charmander - 18/147 (#16 Charizard Stamped),Battle Academy
23189,219082,Kangaskhan - 55/70 (#4 Charizard Stamped),Battle Academy
23190,219096,Salazzle - 34/236 (#23 Charizard Stamped),Battle Academy
23193,219063,Cynthia - 119/156 (#59 Charizard Stamped),Battle Academy
23203,219029,Charmander - 18/147 (#1 Charizard Stamped),Battle Academy
23205,219057,Bug Catcher - 189/236 (#47 Charizard Stamped),Battle Academy
23212,219050,Charmander - 18/147 (#56 Charizard Stamped),Battle Academy
23214,219049,Charmander - 18/147 (#42 Charizard Stamped),Battle Academy
23215,219064,Eevee - 49/68 (#26 Charizard Stamped),Battle Academy
23218,219100,Welder - 189/214 (#25 Charizard Stamped),Battle Academy
23221,219051,Charmeleon - 8/68 (#15 Charizard Stamped),Battle Academy
23222,219058,Charizard - 3/70 (#39 Charizard Stamped),Battle Academy
23223,219060,Cynthia - 119/156 (#21 Charizard Stamped),Battle Academy
23227,219095,Salazzle - 34/236 (#7 Charizard Stamped),Battle Academy
23231,219086,Pokemon Fan Club - 133/156 (#45 Charizard Stamped),Battle Academy
23232,219085,Pokemon Catcher - 126/149 (#54 Charizard Stamped),Battle Academy
23233,219073,Great Ball - 119/149 (#55 Charizard Stamped),Battle Academy
23234,219084,Moltres - 38/214 (#46 Charizard Stamped),Battle Academy
23235,219053,Charmeleon - 8/68 (#51 Charizard Stamped),Battle Academy
23238,219077,Hau - 120/149 (#41 Charizard Stamped),Battle Academy
23240,219072,Great Ball - 119/149 (#48 Charizard Stamped),Battle Academy
23246,219076,Hau - 120/149 (#28 Charizard Stamped),Battle Academy
23247,219094,Salandit - 25/156 (#31 Charizard Stamped),Battle Academy
23248,219065,Eevee - 49/68 (#36 Charizard Stamped),Battle Academy
23250,219062,Cynthia - 119/156 (#50 Charizard Stamped),Battle Academy
23251,219079,Hau - 120/149 (#57 Charizard Stamped),Battle Academy
23252,219088,Potion - 127/149 (#14 Charizard Stamped),Battle Academy
23257,219097,Salazzle - 34/236 (#49 Charizard Stamped),Battle Academy
23258,219071,Great Ball - 119/149 (#43 Charizard Stamped),Battle Academy
23266,219052,Charmeleon - 8/68 (#30 Charizard Stamped),Battle Academy
23268,219098,Switch - 132/149 (#40 Charizard Stamped),Battle Academy
23273,219056,Bug Catcher - 189/236 (#34 Charizard Stamped),Battle Academy
23274,219093,Salandit - 25/156 (#18 Charizard Stamped),Battle Academy
23275,219099,Switch - 132/149 (#58 Charizard Stamped),Battle Academy
23296,219070,Great Ball - 119/149 (#33 Charizard Stamped),Battle Academy
23298,219091,Salandit - 25/156 (#13 Charizard Stamped),Battle Academy
23324,219089,Potion - 127/149 (#37 Charizard Stamped),Battle Academy
23347,219078,Hau - 120/149 (#52 Charizard Stamped),Battle Academy
23417,220119,Charizard - 20/149 (Cosmos Holo),Blister Exclusives
23729,84198,Charizard Star (Delta Species),Dragon Frontiers
23830,84192,Charizard,Boundaries Crossed
24255,89163,Shining Charizard,Neo Destiny
24336,84193,Charizard,Plasma Storm
24380,138496,Charizard GX,SM - Burning Shadows
24580,138497,Charizard GX (Secret),SM - Burning Shadows
24591,662182,Mega Charizard X ex - 013/094,ME02: Phantasmal Flames
24630,662183,Mega Charizard X ex - 109/094,ME02: Phantasmal Flames
24674,662184,Mega Charizard X ex - 125/094,ME02: Phantasmal Flames
24682,662185,Mega Charizard X ex - 130/094,ME02: Phantasmal Flames
24733,124088,Charizard Spirit Link,XY - Evolutions
24740,124026,Charizard,XY - Evolutions
24768,124024,Charizard EX,XY - Evolutions
24784,124114,M Charizard EX (Full Art),XY - Evolutions
24794,124025,M Charizard EX,XY - Evolutions
25410,509879,Charizard ex - 125/197,SV03: Obsidian Flames
25456,509989,Charizard ex - 228/197,SV03: Obsidian Flames
25470,509963,Charizard ex - 215/197,SV03: Obsidian Flames
25487,509980,Charizard ex - 223/197,SV03: Obsidian Flames
25808,84183,Charizard (6),Expedition
25822,84185,Charizard (40),Expedition
25837,84184,Charizard (39),Expedition
26314,84573,Dark Charizard (21),Team Rocket
26320,84572,Dark Charizard (4),Team Rocket
26553,285396,Charizard VSTAR - SWSH262,SWSH: Sword & Shield Promo Cards
26554,251089,Lance's Charizard V - SWSH133,SWSH: Sword & Shield Promo Cards
26570,223754,Charizard V - SWSH050,SWSH: Sword & Shield Promo Cards
26589,285384,Charizard V - SWSH260,SWSH: Sword & Shield Promo Cards
26629,285378,Charizard VMAX - SWSH261,SWSH: Sword & Shield Promo Cards
26775,282259,Special Delivery Charizard - SWSH075,SWSH: Sword & Shield Promo Cards
26833,224365,Charizard - SWSH066 (Prerelease),SWSH: Sword & Shield Promo Cards
26891,224366,Charizard - SWSH066 (Prerelease) [Staff],SWSH: Sword & Shield Promo Cards
27056,84186,Charizard,Skyridge
27798,226395,Charizard,SWSH04: Vivid Voltage
28822,84194,Charizard,Legendary Treasures
29040,84199,Charizard ex,FireRed & LeafGreen
30323,502558,Charizard ex - 006/165,SV: Scarlet & Violet 151
30452,96379,Charizard EX - XY17,XY Promos
30471,96392,Charizard EX - XY29,XY Promos
30475,517017,Charizard ex - 183/165,SV: Scarlet & Violet 151
30480,517045,Charizard ex - 199/165,SV: Scarlet & Violet 151
30482,117267,Charizard EX - XY121,XY Promos
30654,126022,Charizard (XY Evolutions Prerelease),XY Promos
30703,126023,Charizard - 11/108 (Prerelease),XY Promos
31403,257299,Charizard V,SWSH09: Brilliant Stars
31435,257293,Charizard VSTAR,SWSH09: Brilliant Stars
31483,263872,Charizard V (Full Art),SWSH09: Brilliant Stars
31495,263893,Charizard VSTAR (Secret),SWSH09: Brilliant Stars
31512,263873,Charizard V (Alternate Full Art),SWSH09: Brilliant Stars
32185,489929,Charizard - 100/97 (National Championships),League & Championship Cards
32352,227648,Charizard - 25/185 (Cracked Ice Holo),Deck Exclusives
32425,190938,"Charizard - 3/70 (Let's Play, Eevee!)",Deck Exclusives
32427,118404,Charizard - 3/110 (WotC Legendary Collection),Deck Exclusives
32532,184217,Charizard - 14/181 (SM Team Up),Deck Exclusives
33094,200351,Charizard & Braixen GX,SM - Cosmic Eclipse
33287,201332,Charizard & Braixen GX (Full Art),SM - Cosmic Eclipse
33314,201611,Charizard & Braixen GX (Secret),SM - Cosmic Eclipse
33387,188409,Reshiram & Charizard GX,SM - Unbroken Bonds
33475,189318,Reshiram & Charizard GX (Full Art),SM - Unbroken Bonds
33558,675834,Mega Charizard Y ex - 022/217,ME: Ascended Heroes
33577,189319,Reshiram & Charizard GX (Secret),SM - Unbroken Bonds
34147,676106,Mega Charizard Y ex - 294/217,ME: Ascended Heroes
34569,538708,Charizard ex,Prize Pack Series Cards
34933,475980,Charizard,Prize Pack Series Cards
35002,489291,Charizard VSTAR,Prize Pack Series Cards
35022,495194,Charizard V (Prize Pack Series 2),Prize Pack Series Cards
35038,475983,Charizard VMAX,Prize Pack Series Cards
35058,475982,Charizard V (Prize Pack Series 1),Prize Pack Series Cards
35380,252517,Charizard (Celebrations Metal Card),Miscellaneous Cards & Products
35386,247414,Charizard - 14/181 (Costco Exclusive),Miscellaneous Cards & Products
35387,153234,Charizard - 1/99 (Cracked Ice Holo),Miscellaneous Cards & Products
35410,226672,Charizard - 19/113 (Cosmos Holo),Miscellaneous Cards & Products
35548,282521,Charizard - 143/S-P (Grand Prix),Miscellaneous Cards & Products
35641,478250,Charizard (Japanese Meiji Chocolate Exclusive Promo),Miscellaneous Cards & Products
35749,482106,Reshiram & Charizard GX - 2019 (Kaya Lichtleitner),World Championship Decks
35881,482107,Reshiram & Charizard GX - 2019 (Henry Brand),World Championship Decks
64461,219037,Fire Energy (#11 Charizard Stamped),Battle Academy
64467,219036,Fire Energy (#10 Charizard Stamped),Battle Academy
64469,219031,Fire Energy (#3 Charizard Stamped),Battle Academy
64470,219033,Fire Energy (#6 Charizard Stamped),Battle Academy
64471,219040,Fire Energy (#19 Charizard Stamped),Battle Academy
64472,219042,Fire Energy (#22 Charizard Stamped),Battle Academy
64473,219047,Fire Energy (#38 Charizard Stamped),Battle Academy
64476,219046,Fire Energy (#35 Charizard Stamped),Battle Academy
64479,219039,Fire Energy (#17 Charizard Stamped),Battle Academy
64482,219044,Fire Energy (#29 Charizard Stamped),Battle Academy
64484,219038,Fire Energy (#12 Charizard Stamped),Battle Academy
64488,219030,Fire Energy (#2 Charizard Stamped),Battle Academy
64489,219032,Fire Energy (#5 Charizard Stamped),Battle Academy
64490,219041,Fire Energy (#20 Charizard Stamped),Battle Academy
64491,219043,Fire Energy (#24 Charizard Stamped),Battle Academy
64493,219035,Fire Energy (#9 Charizard Stamped),Battle Academy
64494,219045,Fire Energy (#32 Charizard Stamped),Battle Academy
64495,219034,Fire Energy (#8 Charizard Stamped),Battle Academy
81023,513804,Radiant Charizard,Prize Pack Series Cards
81549,695469,Charizard (Library Exclusive),Miscellaneous Cards & Products
11030,186020,Mewtwo,Detective Pikachu
11345,528002,Mewtwo,Trading Card Game Classic
11664,276960,Mewtwo V,Pokemon GO
11681,276963,Mewtwo VSTAR,Pokemon GO
11707,274470,Mewtwo V (Alternate Full Art),Pokemon GO
11726,277011,Mewtwo VSTAR (79) (Secret),Pokemon GO
11728,277024,Mewtwo VSTAR (86) (Secret),Pokemon GO
11972,87428,Mewtwo ex,Ruby and Sapphire
12267,42445,Mewtwo,Base Set 2
12486,283785,Mewtwo,Trick or Trade BOOster Bundle
12999,42347,Mewtwo,Base Set
13284,478173,Mewtwo,SWSH: Crown Zenith
13664,88778,Rocket's Mewtwo ex,Team Rocket Returns
14831,87425,Mewtwo (Delta Species),Delta Species
14905,87419,Mewtwo,Legendary Collection
15424,197806,Mewtwo GX,Hidden Fates: Shiny Vault
16605,87434,Mewtwo LV.X - DP28,Diamond and Pearl Promos
16786,88777,Rocket's Mewtwo,Gym Challenge
16898,250339,Mewtwo EX,Celebrations: Classic Collection
17466,518872,Mewtwo - 052,SV: Scarlet & Violet Promo Cards
17492,637617,Team Rocket's Mewtwo ex,SV: Scarlet & Violet Promo Cards
17543,653257,Team Rocket's Mewtwo ex - 216,SV: Scarlet & Violet Promo Cards
18245,87430,Mewtwo EX - BW45,Black and White Promos
18496,87423,Mewtwo,Rumble
18737,197675,Mewtwo GX,Hidden Fates
19037,107005,Mewtwo,Base Set (Shadowless)
19466,146695,Mewtwo GX,Shining Legends
19467,146696,Mewtwo GX (Full Art),Shining Legends
19490,146698,Mewtwo GX (Secret Shining),Shining Legends
19524,146697,Mewtwo GX (Secret),Shining Legends
19947,87422,Mewtwo,Legends Awakened
20075,87433,Mewtwo LV.X,Legends Awakened
20337,632891,Team Rocket's Mewtwo ex - 081/182,SV10: Destined Rivals
20361,633013,Team Rocket's Mewtwo ex - 213/182,SV10: Destined Rivals
20501,633040,Team Rocket's Mewtwo ex - 240/182,SV10: Destined Rivals
20564,633031,Team Rocket's Mewtwo ex - 231/182,SV10: Destined Rivals
20688,146982,Mewtwo - SM77,SM Promos
20708,188165,Mewtwo GX - SM196,SM Promos
20714,197856,Mewtwo & Mew GX - SM191,SM Promos
20716,205169,Armored Mewtwo - SM228,SM Promos
20721,197855,Mewtwo - SM214,SM Promos
22360,639951,Team Rocket's Mewtwo ex,Jumbo Cards
22408,169950,Mewtwo EX - XY183,Jumbo Cards
22425,227625,Mewtwo EX - 52/108,Jumbo Cards
22457,211501,Mewtwo EX - 54/99,Jumbo Cards
22482,198773,Mewtwo EX - 61/162,Jumbo Cards
22544,210844,Mewtwo - S4/S4 (Box Topper),Jumbo Cards
22551,191625,Mewtwo GX - SM196,Jumbo Cards
22577,211503,M Mewtwo EX - 64/162,Jumbo Cards
22586,211502,M Mewtwo EX - 63/162,Jumbo Cards
22616,211507,Rocket's Mewtwo - 14/132,Jumbo Cards
22814,87414,Mewtwo (Movie Promo),WoTC Promo
22853,87417,Mewtwo (14),WoTC Promo
22875,87416,Mewtwo (12),WoTC Promo
23175,219172,Espeon - 89/214 (Mewtwo Stamped),Battle Academy
23176,219177,Mew - 32/68 (Mewtwo Stamped),Battle Academy
23177,219182,Snorlax - 50/68 (Mewtwo Stamped),Battle Academy
23186,219179,Mesprit - 84/236 (Mewtwo Stamped),Battle Academy
23195,219184,Cynthia - 119/156 (Mewtwo Stamped),Battle Academy
23197,219171,Mewtwo GX - 31/68 (Mewtwo Stamped),Battle Academy
23208,219189,Switch - 132/149 (Mewtwo Stamped),Battle Academy
23219,219187,Pokemon Catcher - 126/149 (Mewtwo Stamped),Battle Academy
23220,219180,Cresselia - 87/236 (Mewtwo Stamped),Battle Academy
23226,219176,Mareanie - 105/214 (Mewtwo Stamped),Battle Academy
23228,219174,Eevee - 49/68 (Mewtwo Stamped),Battle Academy
23256,219186,Hau - 120/149 (Mewtwo Stamped),Battle Academy
23261,219175,Toxapex - 97/236 (Mewtwo Stamped),Battle Academy
23262,219185,Great Ball - 119/149 (Mewtwo Stamped),Battle Academy
23292,219183,Bug Catcher - 189/236 (Mewtwo Stamped),Battle Academy
23307,219188,Potion - 127/149 (Mewtwo Stamped),Battle Academy
23767,477057,Mewtwo VSTAR,SWSH: Crown Zenith: Galarian Gallery
24220,89167,Shining Mewtwo,Neo Destiny
24567,167080,Rocket's Mewtwo - 8 [Winner],Best of Promos
24670,124064,Mewtwo,XY - Evolutions
24769,124065,Mewtwo EX,XY - Evolutions
24775,124116,Mewtwo EX (Full Art),XY - Evolutions
25777,87420,Mewtwo (56),Expedition
25821,87418,Mewtwo (20),Expedition
26006,567285,Mewtwo,SV07: Stellar Crown
26266,87421,Mewtwo,Majestic Dawn
26470,87426,Mewtwo (Delta Species),Holon Phantoms
26533,87427,Mewtwo Star,Holon Phantoms
26587,277040,Mewtwo V - SWSH229,SWSH: Sword & Shield Promo Cards
26639,270718,Mewtwo V - SWSH223,SWSH: Sword & Shield Promo Cards
26821,248892,Mewtwo V-UNION - SWSH160,SWSH: Sword & Shield Promo Cards
26822,248894,Mewtwo V-UNION - SWSH162,SWSH: Sword & Shield Promo Cards
26869,248891,Mewtwo V-UNION - SWSH159,SWSH: Sword & Shield Promo Cards
26883,248893,Mewtwo V-UNION - SWSH161,SWSH: Sword & Shield Promo Cards
27421,87429,Mewtwo EX,Next Destinies
27469,87432,Mewtwo EX (98 Full Art),Next Destinies
28809,87424,Mewtwo,Legendary Treasures
28847,87431,Mewtwo EX,Legendary Treasures
30270,516713,Mewtwo,SV: Scarlet & Violet 151
30467,117702,Mewtwo EX - XY107,XY Promos
30481,125254,Mewtwo EX - XY183,XY Promos
30517,108623,Mewtwo - XY100,XY Promos
30538,108624,Mewtwo - XY101,XY Promos
30627,123435,Mewtwo EX - XY125,XY Promos
30679,126020,Mewtwo (XY Evolutions Prerelease),XY Promos
30767,126021,Mewtwo - 51/108 (Prerelease) [Staff],XY Promos
